{
  "persons": [
    {
      "name": "nieuw",
      "id": "1"
    },
    {
      "id": "2",
      "name": "tim"
    },
    {
      "id": "3",
      "name": "tim"
    },
    {
      "id": "d0cc",
      "name": "nele"
    },
    {
      "name": "naam",
      "id": "cde1"
    },
    {
      "id": "b2d7",
      "name": "nieuw"
    },
    {
      "id": "dc4a",
      "name": "test"
    },
    {
      "id": "6292",
      "name": "nieuw"
    },
    {
      "id": "d4e9",
      "name": "aabbcc"
    }
  ]
}